{
    "angles": {
        "Y --> Zm pip : topology_Zm": {
            "m": 4.2,
            "phi": 2.04752,
            "theta": 28.8063
        },
        "Y --> Zp pim : topology_Zp": {
            "m": 4.2,
            "phi": 1.08128,
            "theta": 122.789
        },
        "Y --> f0 psi : topology_f0": {
            "m": 4.2,
            "phi": -1.63664,
            "theta": 116.766
        },
        "Zm --> psi pim : topology_Zm": {
            "m": 4.2,
            "phi": -0.794157,
            "theta": 94.0338
        },
        "Zm pip alpha : topology_Zm": 0.72649,
        "Zp --> psi pip : topology_Zp": {
            "m": 4.2,
            "phi": 2.72041,
            "theta": 97.4072
        },
        "Zp pim alpha : topology_Zp": -0.479552,
        "f0 --> pip pim : topology_f0": {
            "m": 0.86669475698368,
            "phi": 0.395141,
            "theta": 74.6583
        },
        "psi --> mup mum : topology_Zm": {
            "m": 4.2,
            "phi": -0.96488,
            "theta": 63.8413
        },
        "psi --> mup mum : topology_Zp": {
            "m": 4.2,
            "phi": 2.14325,
            "theta": 118.632
        },
        "psi --> mup mum : topology_f0": {
            "m": 4.2,
            "phi": -1.23653,
            "theta": 98.2839
        }
    },
    "chains": {
        "amplitude": {
            "Zp_(0, 2)_(0, 2)": "(0.0843121,-0.0672949)",
            "Zp_(0, 2)_(4, 2)": "(-0.138878,0.106747)",
            "Zp_(4, 2)_(0, 2)": "(0.00427948,0.116116)",
            "Zp_(4, 2)_(4, 2)": "(-0.103785,0.254201)",
            "f0_(0, 0)_(0, 2)": "(-0.0723827, 0.171627)",
            "f0_(0, 0)_(4, 2)": "(-0.0867798, -0.418525)",
            "f2_(4, 0)_(0, 2)": "(0.0223102, -0.0143169)",
            "f2_(4, 0)_(4, 2)": "(0.104505, -0.164169)",
            "f2_(4, 0)_(4, 4)": "(-0.0340612, -0.166321)",
            "f2_(4, 0)_(4, 6)": "(-0.0553484, -0.132331)",
            "f2_(4, 0)_(8, 6)": "(0.0499259, 0.0469108)"
        },
        "helicities": {
            "lambda_Y": 1,
            "lambda_mum": 0.5,
            "lambda_mup": 0.5
        },
        "intensity": 1227.0
    },
    "four_vectors": {
        "mum": [-1.423512, 0.366932, 0.699342, 1.631339],
        "mup": [1.462351, 0.222075, -0.40161, 1.536308],
        "pim": [-0.174184, -0.326943, 0.23864, 0.462235],
        "pip": [0.135347, -0.262064, -0.536372, 0.62783]
    },
    "resonances": {
        "f0(1360)": "(-0.751892,-0.320262)",
        "f0(600)": "(-1.24404,0.984936)",
        "f0(980)": "0.3 - 0.3im",
        "f2(1270)": "0.3 - 0.3im"
    }
}
